{
  "project_name": "多水源供水系统设计",
  "system_config": "4水源+3水厂+8分区，100万m³/日",
  "intelligence_level": "L3",
  "performance_metrics": {
    "total_cost": 1326.1558650521768,
    "avg_cost_per_day": 132.61558650521766,
    "single_source_cost": 180.0,
    "savings_per_day": 47.384413494782336,
    "savings_per_year": 17295.310925595553,
    "emergency_count": 1
  }
}