{
  "project_name": "多水源供水系统设计",
  "system_config": "4水源+3水厂+8分区，100万m³/日",
  "intelligence_level": "L3",
  "performance_metrics": {
    "total_cost": 1346.7533631318609,
    "avg_cost_per_day": 134.67533631318608,
    "single_source_cost": 180.0,
    "savings_per_day": 45.32466368681392,
    "savings_per_year": 16543.50224568708,
    "emergency_count": 1
  }
}