{
  "版本": "v2.0",
  "工程名称": "区域灌区群联调设计",
  "核心创新": "多时段动态规划（7天预测视野）",
  "性能指标": {
    "水库1平均水位": 11.933477777777776,
    "水库2平均水位": 11.9409012345679,
    "水库3平均水位": 11.964135802469137,
    "水库1安全率": 1.0,
    "水库2安全率": 1.0,
    "水库3安全率": 1.0,
    "灌溉供水保证率": 1.0,
    "配水公平性CV": 1.1198467072657212e-16
  },
  "智能化等级": "L3",
  "是否通过": true
}