{
  "版本": "v2.0",
  "工程名称": "调水工程水量调度设计",
  "核心创新": "智能延迟补偿+动态能耗优化",
  "性能指标": {
    "水库1达标率": 0.22916666666666666,
    "水库2达标率": 0.14930555555555555,
    "水库1平均水位": 13.576929694444422,
    "水库2平均水位": 13.808637999999993,
    "总能耗kWh": 2760000.0,
    "总成本元": 1578000.0,
    "平均电价": 0.5717391304347826,
    "谷时运行比例": 0.6666666666666666
  },
  "智能化等级": "L2",
  "是否通过": false
}